Name,Surname,Address,Primary phone number,Secondary phone number,Primary email,Secondary email
Vernon,Hartman,2038 Medical Center Drive - Plant City (FL),2011847498,2017535617,meinauppiddulle-5178@yopmail.com,
Vivian,Robbins,,2014003144,,,
Billy,Kelley,1309 Hemlock Lane - Harlingen (TX),2018160148,,ruwiwassauru-9554@yopmail.com,
Frank,Case,1821 Fulton Street - Parkersburg (WV),2015360223,,,
Chris,Hanson,,2013416439,2012468131,,
Dana,Floyd,4525 Hardman Road - Springfield (VT),2019852828,,tekeddeizeureu-4376@yopmail.com,
Robert,Landry,1213 Pinnickinick Street - Bellingham (WA),2016779026,2011095631,brivajetemma-2078@yopmail.com,brivajetemma-2079@yopmail.com
Jordan,Cole,,2016682811,,wujokeuyicri-6592@yopmail.com,
Eduard,Russell,,2011948516,2018032328,haunnaffauf@yopmail.com,haunnaffauffaddau@yopmail.com
Cassidy,Adkins,418 Despard Street - East Point (GA),2017392642,,wucrennauprouja-9911@yopmail.com,
